<?xml version="1.0"?>
<!DOCTYPE book PUBLIC "-//OASIS//DTD DocBook XML V4.3//EN"
               "http://www.oasis-open.org/docbook/xml/4.3/docbookx.dtd"
[
  <!ENTITY version SYSTEM "version.xml">
  <!ENTITY % local.common.attrib "xmlns:xi  CDATA  #FIXED 'http://www.w3.org/2003/XInclude'">
]>
<book id="index">
  <bookinfo>
    <title>Playerctl Reference Manual</title>
    <releaseinfo>
      for Playerctl &version;.
      The latest version of this documentation can be found on-line at
      <ulink role="online-location" url="http://dubstepdish.com/playerctl/index.html">http://dubstepdish.com/playerctl/</ulink>.
    </releaseinfo>
  </bookinfo>

  <chapter>
    <title>Playerctl</title>
        <xi:include href="xml/playerctl-player.xml"/>
        <xi:include href="xml/playerctl-player-manager.xml"/>
        <xi:include href="xml/playerctl-player-name.xml"/>

  </chapter>
  <chapter id="object-tree">
    <title>Object Hierarchy</title>
     <xi:include href="xml/tree_index.sgml"/>
  </chapter>
  <index id="api-index-full">
    <title>API Index</title>
    <xi:include href="xml/api-index-full.xml"><xi:fallback /></xi:include>
  </index>
  <index id="deprecated-api-index" role="deprecated">
    <title>Index of deprecated API</title>
    <xi:include href="xml/api-index-deprecated.xml"><xi:fallback /></xi:include>
  </index>

  <xi:include href="xml/annotation-glossary.xml"><xi:fallback /></xi:include>
</book>
